CommenterId,PostId,Context,CommentDate
3,1,"Vestibulum ante ipsum primis in faucibus orci luctus et ultrices posuere cubilia Curae; Nulla dapibus dolor vel est. Donec odio justo, sollicitudin ut, suscipit a, feugiat et, eros.",03/28/2018
2,2,Praesent lectus.,09/16/2017
10,3,"Maecenas tristique, est et tempus semper, est quam pharetra magna, ac consequat metus sapien ut nunc.",12/20/2017
9,4,Pellentesque eget nunc.,01/13/2018
5,5,Quisque id justo sit amet sapien dignissim vestibulum.,07/30/2018
8,6,"Integer aliquet, massa id lobortis convallis, tortor risus dapibus augue, vel accumsan tellus nisi eu orci. Mauris lacinia sapien quis libero.",02/17/2018
10,7,"Lorem ipsum dolor sit amet, consectetuer adipiscing elit.",09/05/2018
2,8,Morbi porttitor lorem id ligula.,02/05/2018
9,9,"Fusce congue, diam id ornare imperdiet, sapien urna pretium nisl, ut volutpat sapien arcu sed augue.",12/17/2017
5,10,"Morbi vel lectus in quam fringilla rhoncus. Mauris enim leo, rhoncus sed, vestibulum sit amet, cursus id, turpis.",02/27/2018
3,11,Duis ac nibh.,04/17/2018
1,12,"Morbi ut odio. Cras mi pede, malesuada in, imperdiet et, commodo vulputate, justo.",11/08/2017
6,13,"In tempor, turpis nec euismod scelerisque, quam turpis adipiscing lorem, vitae mattis nibh ligula nec sem. Duis aliquam convallis nunc.",10/30/2017
7,14,Ut tellus. Nulla ut erat id mauris vulputate elementum.,07/03/2018
6,15,Etiam faucibus cursus urna.,07/02/2018
9,16,Quisque porta volutpat erat.,12/26/2017
6,17,Curabitur at ipsum ac tellus semper interdum. Mauris ullamcorper purus sit amet nulla.,07/06/2018
10,18,"Morbi quis tortor id nulla ultrices aliquet. Maecenas leo odio, condimentum id, luctus nec, molestie sed, justo.",11/08/2017
2,19,"Vestibulum ante ipsum primis in faucibus orci luctus et ultrices posuere cubilia Curae; Donec pharetra, magna vestibulum aliquet ultrices, erat tortor sollicitudin mi, sit amet lobortis sapien sapien non mi.",06/13/2018
8,20,Donec semper sapien a libero.,10/13/2017
5,21,"Vestibulum ante ipsum primis in faucibus orci luctus et ultrices posuere cubilia Curae; Nulla dapibus dolor vel est. Donec odio justo, sollicitudin ut, suscipit a, feugiat et, eros.",08/29/2018
10,22,Curabitur in libero ut massa volutpat convallis.,01/05/2018
3,23,Nulla tellus. In sagittis dui vel nisl.,10/27/2017
4,24,Nulla nisl.,09/26/2017
2,25,Pellentesque eget nunc. Donec quis orci eget orci vehicula condimentum.,04/07/2018
10,26,Vivamus in felis eu sapien cursus vestibulum. Proin eu mi.,08/20/2018
8,27,Praesent lectus.,06/05/2018
8,28,Aliquam quis turpis eget elit sodales scelerisque. Mauris sit amet eros.,03/14/2018
5,29,Nulla suscipit ligula in lacus. Curabitur at ipsum ac tellus semper interdum.,05/31/2018
9,30,Praesent id massa id nisl venenatis lacinia. Aenean sit amet justo.,04/06/2018
8,31,Donec ut mauris eget massa tempor convallis.,05/23/2018
4,32,"Morbi vestibulum, velit id pretium iaculis, diam erat fermentum justo, nec condimentum neque sapien placerat ante. Nulla justo.",05/09/2018
1,33,Morbi quis tortor id nulla ultrices aliquet.,02/02/2018
7,34,"Phasellus id sapien in sapien iaculis congue. Vivamus metus arcu, adipiscing molestie, hendrerit at, vulputate vitae, nisl.",06/23/2018
1,35,Cras non velit nec nisi vulputate nonummy.,12/22/2017
7,36,Mauris lacinia sapien quis libero.,12/17/2017
7,37,"In tempor, turpis nec euismod scelerisque, quam turpis adipiscing lorem, vitae mattis nibh ligula nec sem.",09/17/2017
3,38,"Aliquam augue quam, sollicitudin vitae, consectetuer eget, rutrum at, lorem. Integer tincidunt ante vel ipsum.",04/13/2018
8,39,Vestibulum sed magna at nunc commodo placerat. Praesent blandit.,08/21/2018
1,40,Cras pellentesque volutpat dui.,08/25/2018
5,41,Donec ut dolor.,06/13/2018
6,42,Duis bibendum.,01/19/2018
2,43,Morbi porttitor lorem id ligula.,09/29/2017
7,44,Duis bibendum.,04/24/2018
5,45,Ut tellus.,01/10/2018
10,46,Curabitur convallis.,03/12/2018
9,47,Sed vel enim sit amet nunc viverra dapibus.,06/26/2018
7,48,Nulla ac enim.,01/03/2018
7,49,"Quisque arcu libero, rutrum ac, lobortis vel, dapibus at, diam.",03/29/2018
4,50,Aenean sit amet justo.,02/27/2018
