JobId,Title,Description,AuthorId,Company,Date
1,Internal Auditor,67-4587857,45,Topdrive,5/14/2018
2,Chemical Engineer,99-7955303,38,Yabox,2/9/2018
3,Social Worker,07-1159216,35,Jamia,10/27/2017
4,Operator,32-6157986,15,Browseblab,1/3/2018
5,Statistician II,16-9343837,28,Zoonoodle,5/12/2018
6,Research Associate,15-3084661,2,Browsedrive,6/16/2018
7,Editor,27-9583900,15,Meetz,5/4/2018
8,Internal Auditor,57-7947047,48,Divanoodle,4/1/2018
9,Environmental Tech,84-6279470,45,Topicstorm,11/23/2017
10,General Manager,30-2225399,22,Twitterworks,12/9/2017
11,Media Manager IV,22-1220142,40,Skivee,6/25/2018
12,Product Engineer,13-6399235,49,Meemm,3/17/2018
13,Food Chemist,44-0843994,2,Cogidoo,12/25/2017
14,Programmer Analyst II,19-7293626,7,Topiczoom,4/12/2018
15,Speech Pathologist,37-3020740,15,Skyvu,8/4/2018
16,GIS Technical Architect,45-0743523,24,Devshare,10/9/2017
17,Dental Hygienist,73-6588505,2,Wordpedia,3/24/2018
18,Sales Associate,40-7618223,4,Skibox,12/16/2017
19,Social Worker,36-4352026,12,Jaxnation,12/23/2017
20,Programmer Analyst I,93-2146099,30,Dynabox,7/28/2018
21,Business Systems Development Analyst,26-9573276,16,Rhyloo,1/26/2018
22,VP Quality Control,65-5506203,30,Flashspan,4/10/2018
23,Professor,60-2262620,4,Flipstorm,3/31/2018
24,Assistant Media Planner,10-9105496,36,Bubbletube,11/30/2017
25,Database Administrator III,76-4058835,38,Browsezoom,1/15/2018
26,Product Engineer,77-8506478,37,Oyope,3/27/2018
27,Accountant II,92-7159162,15,Dynazzy,4/8/2018
28,Web Designer III,20-5287732,4,Skajo,7/29/2018
29,Research Nurse,60-1805294,17,Quatz,3/21/2018
30,Chemical Engineer,95-3770383,1,Meezzy,11/13/2017
31,Payment Adjustment Coordinator,06-3182302,24,Meetz,7/10/2018
32,Food Chemist,07-5850985,31,Mita,11/10/2017
33,Environmental Tech,42-6519736,16,Eire,3/24/2018
34,Marketing Assistant,64-5428599,29,Zazio,3/19/2018
35,Speech Pathologist,91-4578301,44,Edgeclub,5/16/2018
36,Account Representative II,86-5450026,13,Twitterbridge,1/8/2018
37,Safety Technician IV,88-3619983,25,Twiyo,9/27/2017
38,Clinical Specialist,20-1739514,19,Voonte,4/16/2018
39,Teacher,50-3767084,42,Skyble,12/21/2017
40,Quality Engineer,64-5458756,42,Meezzy,10/11/2017
41,Programmer I,97-8011655,14,Pixoboo,10/3/2017
42,VP Marketing,16-8639580,49,Livefish,8/2/2018
43,Human Resources Manager,91-5535566,9,Buzzshare,8/16/2018
44,Chief Design Engineer,17-7528276,31,Jabberbean,9/7/2018
45,Nuclear Power Engineer,62-3463611,8,Thoughtsphere,4/9/2018
46,VP Quality Control,44-4260591,15,Avaveo,8/9/2018
47,Statistician III,04-6514156,27,Mymm,12/30/2017
48,Information Systems Manager,74-3038249,23,Jabbercube,2/1/2018
49,Design Engineer,12-3033862,37,Innojam,1/22/2018
50,Structural Engineer,42-0201776,37,Quamba,7/18/2018
51,Statistician IV,73-5911411,42,Rhycero,12/9/2017
52,Technical Writer,97-0970747,19,Plajo,9/7/2018
53,Help Desk Technician,84-2477602,10,Skivee,7/29/2018
54,Research Associate,46-2056385,18,Flashdog,11/17/2017
55,Actuary,68-8847327,15,Skajo,12/29/2017
56,Cost Accountant,14-9806813,5,Photospace,4/3/2018
57,Help Desk Technician,54-7098450,38,Meevee,8/29/2018
58,Human Resources Assistant III,97-3568313,36,Ooba,1/8/2018
59,Associate Professor,99-9335764,18,Photobug,6/28/2018
60,Nurse,28-1429821,9,Oyope,1/29/2018
61,Human Resources Manager,25-1628051,9,Agimba,5/5/2018
62,VP Sales,25-0900732,1,Fivechat,8/9/2018
63,Mechanical Systems Engineer,43-5529253,13,Ooba,11/6/2017
64,Structural Engineer,89-4128017,43,Realblab,8/6/2018
65,Cost Accountant,01-2151924,13,Shuffletag,10/15/2017
66,Analog Circuit Design manager,15-2157829,30,Fatz,7/30/2018
67,Nuclear Power Engineer,80-5699213,1,Oyondu,4/19/2018
68,Senior Developer,08-0507409,50,Browsezoom,2/12/2018
69,Product Engineer,15-9248373,14,Youfeed,2/7/2018
70,Payment Adjustment Coordinator,25-7581369,18,Brainsphere,8/21/2018
71,Analog Circuit Design manager,29-5323431,37,Blogpad,10/10/2017
72,Web Developer I,90-3232149,41,Zoonder,1/3/2018
73,Database Administrator I,65-0624027,34,Janyx,5/19/2018
74,Human Resources Manager,68-5482634,35,Eamia,5/13/2018
75,Senior Sales Associate,77-3866127,20,Oodoo,6/5/2018
76,Engineer IV,92-2089954,49,Twitterwire,12/20/2017
77,VP Accounting,49-0741219,44,Jabbertype,9/4/2018
78,Recruiter,82-7302641,34,Devshare,4/15/2018
79,Information Systems Manager,91-5287347,44,Yata,9/4/2018
80,Statistician IV,13-6989503,34,Oyoloo,3/19/2018
81,Librarian,00-3831588,32,Skibox,4/24/2018
82,Internal Auditor,59-0144309,35,Twitterworks,10/19/2017
83,VP Product Management,63-0564492,20,Skyndu,4/21/2018
84,Nurse Practicioner,87-9306653,20,Skippad,9/14/2018
85,Environmental Specialist,51-4097823,47,Myworks,2/1/2018
86,Developer IV,27-5216439,26,Latz,4/1/2018
87,Assistant Manager,20-5569112,26,Pixonyx,5/19/2018
88,Environmental Specialist,97-6979757,41,Abatz,10/28/2017
89,Chief Design Engineer,62-7751149,38,Twitterwire,2/6/2018
90,Marketing Assistant,09-7857981,12,Twimm,11/21/2017
91,Project Manager,10-9842247,20,Youopia,6/19/2018
92,Automation Specialist III,94-8944699,44,Rhynyx,8/18/2018
93,Administrative Assistant III,29-3840243,28,Yamia,3/4/2018
94,Sales Representative,75-6692904,23,Eadel,12/5/2017
95,Legal Assistant,09-2176207,23,Kimia,1/5/2018
96,Data Coordiator,93-5776222,27,Oyope,1/11/2018
97,VP Accounting,09-0094577,26,Plajo,2/17/2018
98,Account Executive,04-8495350,39,Feedfire,11/8/2017
99,Research Nurse,23-5663431,36,Skipfire,7/14/2018
100,Internal Auditor,69-0693894,46,Shufflester,7/27/2018
