UserId,Username  ,Password                                                    ,Role     ,Active
10,Marlyn,$2a$10$ymVFAxramENP5q1O6faHA.1Xt5F/NVPYf7KiaJgMWV6K5/sXBm5NS,ROLE_USER,true
11,Jazmin,$2a$10$ymVFAxramENP5q1O6faHA.1Xt5F/NVPYf7KiaJgMWV6K5/sXBm5NS,ROLE_USER,false
12,Magdalen,$2a$10$ymVFAxramENP5q1O6faHA.1Xt5F/NVPYf7KiaJgMWV6K5/sXBm5NS,ROLE_USER,false
13,Pennie,$2a$10$ymVFAxramENP5q1O6faHA.1Xt5F/NVPYf7KiaJgMWV6K5/sXBm5NS,ROLE_USER,false
14,Ramon,$2a$10$ymVFAxramENP5q1O6faHA.1Xt5F/NVPYf7KiaJgMWV6K5/sXBm5NS,ROLE_USER,true
15,Oswell,$2a$10$ymVFAxramENP5q1O6faHA.1Xt5F/NVPYf7KiaJgMWV6K5/sXBm5NS,ROLE_USER,false
16,Cacilie,$2a$10$ymVFAxramENP5q1O6faHA.1Xt5F/NVPYf7KiaJgMWV6K5/sXBm5NS,ROLE_USER,true
17,Chaddy,$2a$10$ymVFAxramENP5q1O6faHA.1Xt5F/NVPYf7KiaJgMWV6K5/sXBm5NS,ROLE_USER,true
18,Mick,$2a$10$ymVFAxramENP5q1O6faHA.1Xt5F/NVPYf7KiaJgMWV6K5/sXBm5NS,ROLE_USER,false
19,Di,$2a$10$ymVFAxramENP5q1O6faHA.1Xt5F/NVPYf7KiaJgMWV6K5/sXBm5NS,ROLE_USER,true
20,Nari,$2a$10$ymVFAxramENP5q1O6faHA.1Xt5F/NVPYf7KiaJgMWV6K5/sXBm5NS,ROLE_USER,false
21,Joey,$2a$10$ymVFAxramENP5q1O6faHA.1Xt5F/NVPYf7KiaJgMWV6K5/sXBm5NS,ROLE_USER,false
22,Rawley,$2a$10$ymVFAxramENP5q1O6faHA.1Xt5F/NVPYf7KiaJgMWV6K5/sXBm5NS,ROLE_USER,false
23,Drona,$2a$10$ymVFAxramENP5q1O6faHA.1Xt5F/NVPYf7KiaJgMWV6K5/sXBm5NS,ROLE_USER,true
24,Sterne,$2a$10$ymVFAxramENP5q1O6faHA.1Xt5F/NVPYf7KiaJgMWV6K5/sXBm5NS,ROLE_USER,false
25,Paige,$2a$10$ymVFAxramENP5q1O6faHA.1Xt5F/NVPYf7KiaJgMWV6K5/sXBm5NS,ROLE_USER,true
26,Sharity,$2a$10$ymVFAxramENP5q1O6faHA.1Xt5F/NVPYf7KiaJgMWV6K5/sXBm5NS,ROLE_USER,true
27,Saunders,$2a$10$ymVFAxramENP5q1O6faHA.1Xt5F/NVPYf7KiaJgMWV6K5/sXBm5NS,ROLE_USER,true
28,Tyler,$2a$10$ymVFAxramENP5q1O6faHA.1Xt5F/NVPYf7KiaJgMWV6K5/sXBm5NS,ROLE_USER,false
29,Verene,$2a$10$ymVFAxramENP5q1O6faHA.1Xt5F/NVPYf7KiaJgMWV6K5/sXBm5NS,ROLE_USER,false
30,Skippy,$2a$10$ymVFAxramENP5q1O6faHA.1Xt5F/NVPYf7KiaJgMWV6K5/sXBm5NS,ROLE_USER,false
31,Adey,$2a$10$ymVFAxramENP5q1O6faHA.1Xt5F/NVPYf7KiaJgMWV6K5/sXBm5NS,ROLE_USER,false
32,Lurline,$2a$10$ymVFAxramENP5q1O6faHA.1Xt5F/NVPYf7KiaJgMWV6K5/sXBm5NS,ROLE_USER,true
33,Cherie,$2a$10$ymVFAxramENP5q1O6faHA.1Xt5F/NVPYf7KiaJgMWV6K5/sXBm5NS,ROLE_USER,true
34,Jodee,$2a$10$ymVFAxramENP5q1O6faHA.1Xt5F/NVPYf7KiaJgMWV6K5/sXBm5NS,ROLE_USER,true
35,Melania,$2a$10$ymVFAxramENP5q1O6faHA.1Xt5F/NVPYf7KiaJgMWV6K5/sXBm5NS,ROLE_USER,true
36,Clayton,$2a$10$ymVFAxramENP5q1O6faHA.1Xt5F/NVPYf7KiaJgMWV6K5/sXBm5NS,ROLE_USER,false
37,Chester,$2a$10$ymVFAxramENP5q1O6faHA.1Xt5F/NVPYf7KiaJgMWV6K5/sXBm5NS,ROLE_USER,true
38,Babbette,$2a$10$ymVFAxramENP5q1O6faHA.1Xt5F/NVPYf7KiaJgMWV6K5/sXBm5NS,ROLE_USER,true
39,Dolorita,$2a$10$ymVFAxramENP5q1O6faHA.1Xt5F/NVPYf7KiaJgMWV6K5/sXBm5NS,ROLE_USER,false
40,Kellen,$2a$10$ymVFAxramENP5q1O6faHA.1Xt5F/NVPYf7KiaJgMWV6K5/sXBm5NS,ROLE_USER,false
41,Viviene,$2a$10$ymVFAxramENP5q1O6faHA.1Xt5F/NVPYf7KiaJgMWV6K5/sXBm5NS,ROLE_USER,false
42,Kasey,$2a$10$ymVFAxramENP5q1O6faHA.1Xt5F/NVPYf7KiaJgMWV6K5/sXBm5NS,ROLE_USER,false
43,Erny,$2a$10$ymVFAxramENP5q1O6faHA.1Xt5F/NVPYf7KiaJgMWV6K5/sXBm5NS,ROLE_USER,false
44,Darsey,$2a$10$ymVFAxramENP5q1O6faHA.1Xt5F/NVPYf7KiaJgMWV6K5/sXBm5NS,ROLE_USER,false
45,Swen,$2a$10$ymVFAxramENP5q1O6faHA.1Xt5F/NVPYf7KiaJgMWV6K5/sXBm5NS,ROLE_USER,true
46,Almire,$2a$10$ymVFAxramENP5q1O6faHA.1Xt5F/NVPYf7KiaJgMWV6K5/sXBm5NS,ROLE_USER,true
47,Stillman,$2a$10$ymVFAxramENP5q1O6faHA.1Xt5F/NVPYf7KiaJgMWV6K5/sXBm5NS,ROLE_USER,false
48,Regan,$2a$10$ymVFAxramENP5q1O6faHA.1Xt5F/NVPYf7KiaJgMWV6K5/sXBm5NS,ROLE_USER,true
49,Graig,$2a$10$ymVFAxramENP5q1O6faHA.1Xt5F/NVPYf7KiaJgMWV6K5/sXBm5NS,ROLE_USER,false
50    ,Ernerniety,$2a$10$ymVFAxramENP5q1O6faHA.1Xt5F/NVPYf7KiaJgMWV6K5/sXBm5NS,ROLE_USER,true
51,Kristel,$2a$10$ymVFAxramENP5q1O6faHA.1Xt5F/NVPYf7KiaJgMWV6K5/sXBm5NS,ROLE_USER,false
52,Brook,$2a$10$ymVFAxramENP5q1O6faHA.1Xt5F/NVPYf7KiaJgMWV6K5/sXBm5NS,ROLE_USER,true
53,Con,$2a$10$ymVFAxramENP5q1O6faHA.1Xt5F/NVPYf7KiaJgMWV6K5/sXBm5NS,ROLE_USER,false
54,Ekaterina,$2a$10$ymVFAxramENP5q1O6faHA.1Xt5F/NVPYf7KiaJgMWV6K5/sXBm5NS,ROLE_USER,true
55,Fan,$2a$10$ymVFAxramENP5q1O6faHA.1Xt5F/NVPYf7KiaJgMWV6K5/sXBm5NS,ROLE_USER,false
56,Ofilia,$2a$10$ymVFAxramENP5q1O6faHA.1Xt5F/NVPYf7KiaJgMWV6K5/sXBm5NS,ROLE_USER,false
57,Zorine,$2a$10$ymVFAxramENP5q1O6faHA.1Xt5F/NVPYf7KiaJgMWV6K5/sXBm5NS,ROLE_USER,false
58,Deirdre,$2a$10$ymVFAxramENP5q1O6faHA.1Xt5F/NVPYf7KiaJgMWV6K5/sXBm5NS,ROLE_USER,false
59,Mannie,$2a$10$ymVFAxramENP5q1O6faHA.1Xt5F/NVPYf7KiaJgMWV6K5/sXBm5NS,ROLE_USER,false
60,Xylia,$2a$10$ymVFAxramENP5q1O6faHA.1Xt5F/NVPYf7KiaJgMWV6K5/sXBm5NS,ROLE_USER,false
61,Leila,$2a$10$ymVFAxramENP5q1O6faHA.1Xt5F/NVPYf7KiaJgMWV6K5/sXBm5NS,ROLE_USER,true
62,Porty,$2a$10$ymVFAxramENP5q1O6faHA.1Xt5F/NVPYf7KiaJgMWV6K5/sXBm5NS,ROLE_USER,true
63,Gustavus,$2a$10$ymVFAxramENP5q1O6faHA.1Xt5F/NVPYf7KiaJgMWV6K5/sXBm5NS,ROLE_USER,false
64,Therese,$2a$10$ymVFAxramENP5q1O6faHA.1Xt5F/NVPYf7KiaJgMWV6K5/sXBm5NS,ROLE_USER,false
65,Genvieve,$2a$10$ymVFAxramENP5q1O6faHA.1Xt5F/NVPYf7KiaJgMWV6K5/sXBm5NS,ROLE_USER,true
66,Mohammed,$2a$10$ymVFAxramENP5q1O6faHA.1Xt5F/NVPYf7KiaJgMWV6K5/sXBm5NS,ROLE_USER,true
67,Fielding,$2a$10$ymVFAxramENP5q1O6faHA.1Xt5F/NVPYf7KiaJgMWV6K5/sXBm5NS,ROLE_USER,false
68,Israel,$2a$10$ymVFAxramENP5q1O6faHA.1Xt5F/NVPYf7KiaJgMWV6K5/sXBm5NS,ROLE_USER,true
69,Melloney,$2a$10$ymVFAxramENP5q1O6faHA.1Xt5F/NVPYf7KiaJgMWV6K5/sXBm5NS,ROLE_USER,true
70,Glori,$2a$10$ymVFAxramENP5q1O6faHA.1Xt5F/NVPYf7KiaJgMWV6K5/sXBm5NS,ROLE_USER,true
71,Jaymee,$2a$10$ymVFAxramENP5q1O6faHA.1Xt5F/NVPYf7KiaJgMWV6K5/sXBm5NS,ROLE_USER,false
72,Giustina,$2a$10$ymVFAxramENP5q1O6faHA.1Xt5F/NVPYf7KiaJgMWV6K5/sXBm5NS,ROLE_USER,true
73    ,LeilaStar ,$2a$10$ymVFAxramENP5q1O6faHA.1Xt5F/NVPYf7KiaJgMWV6K5/sXBm5NS,ROLE_USER,false
74,Rudolf,$2a$10$ymVFAxramENP5q1O6faHA.1Xt5F/NVPYf7KiaJgMWV6K5/sXBm5NS,ROLE_USER,false
75,Edsel,$2a$10$ymVFAxramENP5q1O6faHA.1Xt5F/NVPYf7KiaJgMWV6K5/sXBm5NS,ROLE_USER,false
76,Dorita,$2a$10$ymVFAxramENP5q1O6faHA.1Xt5F/NVPYf7KiaJgMWV6K5/sXBm5NS,ROLE_USER,false
77,Elberta,$2a$10$ymVFAxramENP5q1O6faHA.1Xt5F/NVPYf7KiaJgMWV6K5/sXBm5NS,ROLE_USER,true
78,Alyce,$2a$10$ymVFAxramENP5q1O6faHA.1Xt5F/NVPYf7KiaJgMWV6K5/sXBm5NS,ROLE_USER,true
79,Carrol,$2a$10$ymVFAxramENP5q1O6faHA.1Xt5F/NVPYf7KiaJgMWV6K5/sXBm5NS,ROLE_USER,true
80,Lorrie,$2a$10$ymVFAxramENP5q1O6faHA.1Xt5F/NVPYf7KiaJgMWV6K5/sXBm5NS,ROLE_USER,false
81,Anderson,$2a$10$ymVFAxramENP5q1O6faHA.1Xt5F/NVPYf7KiaJgMWV6K5/sXBm5NS,ROLE_USER,true
82,Hallie,$2a$10$ymVFAxramENP5q1O6faHA.1Xt5F/NVPYf7KiaJgMWV6K5/sXBm5NS,ROLE_USER,true
83,Fields,$2a$10$ymVFAxramENP5q1O6faHA.1Xt5F/NVPYf7KiaJgMWV6K5/sXBm5NS,ROLE_USER,false
84,Kristo,$2a$10$ymVFAxramENP5q1O6faHA.1Xt5F/NVPYf7KiaJgMWV6K5/sXBm5NS,ROLE_USER,false
85,Leah,$2a$10$ymVFAxramENP5q1O6faHA.1Xt5F/NVPYf7KiaJgMWV6K5/sXBm5NS,ROLE_USER,false
86,Dewitt,$2a$10$ymVFAxramENP5q1O6faHA.1Xt5F/NVPYf7KiaJgMWV6K5/sXBm5NS,ROLE_USER,true
87,Iormina,$2a$10$ymVFAxramENP5q1O6faHA.1Xt5F/NVPYf7KiaJgMWV6K5/sXBm5NS,ROLE_USER,true
88,Barbee,$2a$10$ymVFAxramENP5q1O6faHA.1Xt5F/NVPYf7KiaJgMWV6K5/sXBm5NS,ROLE_USER,false
89,Halimeda,$2a$10$ymVFAxramENP5q1O6faHA.1Xt5F/NVPYf7KiaJgMWV6K5/sXBm5NS,ROLE_USER,false
90,Trixi,$2a$10$ymVFAxramENP5q1O6faHA.1Xt5F/NVPYf7KiaJgMWV6K5/sXBm5NS,ROLE_USER,false
91,Quinn,$2a$10$ymVFAxramENP5q1O6faHA.1Xt5F/NVPYf7KiaJgMWV6K5/sXBm5NS,ROLE_USER,false
92,Ki,$2a$10$ymVFAxramENP5q1O6faHA.1Xt5F/NVPYf7KiaJgMWV6K5/sXBm5NS,ROLE_USER,false
93,Nikaniki,$2a$10$ymVFAxramENP5q1O6faHA.1Xt5F/NVPYf7KiaJgMWV6K5/sXBm5NS,ROLE_USER,false
94,Dur,$2a$10$ymVFAxramENP5q1O6faHA.1Xt5F/NVPYf7KiaJgMWV6K5/sXBm5NS,ROLE_USER,false
95,Arlette,$2a$10$ymVFAxramENP5q1O6faHA.1Xt5F/NVPYf7KiaJgMWV6K5/sXBm5NS,ROLE_USER,false
96,Murdoch,$2a$10$ymVFAxramENP5q1O6faHA.1Xt5F/NVPYf7KiaJgMWV6K5/sXBm5NS,ROLE_USER,false
97,Rasla,$2a$10$ymVFAxramENP5q1O6faHA.1Xt5F/NVPYf7KiaJgMWV6K5/sXBm5NS,ROLE_USER,false
98,Mavis,$2a$10$ymVFAxramENP5q1O6faHA.1Xt5F/NVPYf7KiaJgMWV6K5/sXBm5NS,ROLE_USER,false
99,Ariel,$2a$10$ymVFAxramENP5q1O6faHA.1Xt5F/NVPYf7KiaJgMWV6K5/sXBm5NS,ROLE_USER,false
100,Rodolphe,$2a$10$ymVFAxramENP5q1O6faHA.1Xt5F/NVPYf7KiaJgMWV6K5/sXBm5NS,ROLE_USER,false
101,Sophie,$2a$10$ymVFAxramENP5q1O6faHA.1Xt5F/NVPYf7KiaJgMWV6K5/sXBm5NS,ROLE_USER,true
102,Eimile,$2a$10$ymVFAxramENP5q1O6faHA.1Xt5F/NVPYf7KiaJgMWV6K5/sXBm5NS,ROLE_USER,true
103,Remus,$2a$10$ymVFAxramENP5q1O6faHA.1Xt5F/NVPYf7KiaJgMWV6K5/sXBm5NS,ROLE_USER,false
104,Brig,$2a$10$ymVFAxramENP5q1O6faHA.1Xt5F/NVPYf7KiaJgMWV6K5/sXBm5NS,ROLE_USER,true
105,Nobe,$2a$10$ymVFAxramENP5q1O6faHA.1Xt5F/NVPYf7KiaJgMWV6K5/sXBm5NS,ROLE_USER,false
106,Devinne,$2a$10$ymVFAxramENP5q1O6faHA.1Xt5F/NVPYf7KiaJgMWV6K5/sXBm5NS,ROLE_USER,true
107,Deidre,$2a$10$ymVFAxramENP5q1O6faHA.1Xt5F/NVPYf7KiaJgMWV6K5/sXBm5NS,ROLE_USER,true
108,Giles,$2a$10$ymVFAxramENP5q1O6faHA.1Xt5F/NVPYf7KiaJgMWV6K5/sXBm5NS,ROLE_USER,true
109,,$2a$10$ymVFAxramENP5q1O6faHA.1Xt5F/NVPYf7KiaJgMWV6K5/sXBm5NS,ROLE_USER,true
