CreatorId,PostDate,Context,NumberOfLikes
1,10/10/2017,"Proin leo odio, porttitor id, consequat in, consequat ut, nulla. Sed accumsan felis.",17
2,3/29/2018,Duis at velit eu est congue elementum.,10
3,4/25/2018,In sagittis dui vel nisl. Duis ac nibh.,8
4,7/25/2018,Nulla tellus. In sagittis dui vel nisl.,13
5,7/12/2018,Curabitur at ipsum ac tellus semper interdum.,12
6,3/27/2018,Nullam molestie nibh in lectus. Pellentesque at nulla.,2
7,4/10/2018,"Vestibulum ante ipsum primis in faucibus orci luctus et ultrices posuere cubilia Curae; Nulla dapibus dolor vel est. Donec odio justo, sollicitudin ut, suscipit a, feugiat et, eros.",19
8,5/20/2018,Nulla suscipit ligula in lacus. Curabitur at ipsum ac tellus semper interdum.,0
9,4/25/2018,Vivamus tortor.,7
10,12/20/2017,"Quisque arcu libero, rutrum ac, lobortis vel, dapibus at, diam.",18
11,11/4/2017,Maecenas rhoncus aliquam lacus. Morbi quis tortor id nulla ultrices aliquet.,2
12,9/17/2017,Curabitur gravida nisi at nibh. In hac habitasse platea dictumst.,15
13,3/3/2018,Donec ut dolor.,10
14,6/7/2018,Proin at turpis a pede posuere nonummy. Integer non velit.,19
15,12/7/2017,Vestibulum ante ipsum primis in faucibus orci luctus et ultrices posuere cubilia Curae; Duis faucibus accumsan odio.,17
16,1/24/2018,"Praesent lectus. Vestibulum quam sapien, varius ut, blandit non, interdum in, ante.",1
17,5/30/2018,"Lorem ipsum dolor sit amet, consectetuer adipiscing elit.",14
18,6/9/2018,Etiam vel augue.,11
19,10/27/2017,"Morbi sem mauris, laoreet ut, rhoncus aliquet, pulvinar sed, nisl. Nunc rhoncus dui vel sem.",11
20,8/16/2018,Donec semper sapien a libero.,12
21,3/3/2018,Vivamus tortor.,15
22,8/18/2018,"Nam congue, risus semper porta volutpat, quam pede lobortis ligula, sit amet eleifend pede libero quis orci. Nullam molestie nibh in lectus.",10
23,1/21/2018,"Vestibulum quam sapien, varius ut, blandit non, interdum in, ante.",14
24,8/30/2018,Phasellus sit amet erat. Nulla tempus.,3
25,5/6/2018,"Aliquam augue quam, sollicitudin vitae, consectetuer eget, rutrum at, lorem.",17
26,10/14/2017,Nulla justo.,16
27,10/30/2017,Morbi ut odio.,12
28,4/7/2018,"Mauris enim leo, rhoncus sed, vestibulum sit amet, cursus id, turpis. Integer aliquet, massa id lobortis convallis, tortor risus dapibus augue, vel accumsan tellus nisi eu orci.",9
29,12/31/2017,Morbi non quam nec dui luctus rutrum. Nulla tellus.,13
30,4/18/2018,Pellentesque at nulla. Suspendisse potenti.,15
31,8/31/2018,Nullam porttitor lacus at turpis.,16
32,3/10/2018,"Quisque arcu libero, rutrum ac, lobortis vel, dapibus at, diam. Nam tristique tortor eu pede.",7
33,6/29/2018,Aliquam non mauris. Morbi non lectus.,16
34,1/30/2018,Suspendisse potenti.,16
35,12/17/2017,Donec dapibus.,10
36,5/14/2018,"Morbi vestibulum, velit id pretium iaculis, diam erat fermentum justo, nec condimentum neque sapien placerat ante. Nulla justo.",11
37,11/23/2017,"Cras mi pede, malesuada in, imperdiet et, commodo vulputate, justo.",5
38,5/30/2018,Integer tincidunt ante vel ipsum. Praesent blandit lacinia erat.,7
39,12/21/2017,Curabitur gravida nisi at nibh.,19
40,11/3/2017,"Duis ac nibh. Fusce lacus purus, aliquet at, feugiat non, pretium quis, lectus.",20
41,2/28/2018,Donec semper sapien a libero. Nam dui.,18
42,10/10/2017,"Cum sociis natoque penatibus et magnis dis parturient montes, nascetur ridiculus mus.",12
43,9/23/2017,"Nam ultrices, libero non mattis pulvinar, nulla pede ullamcorper augue, a suscipit nulla elit ac nulla.",11
44,11/4/2017,"Nullam orci pede, venenatis non, sodales sed, tincidunt eu, felis. Fusce posuere felis sed lacus.",11
45,11/18/2017,"Lorem ipsum dolor sit amet, consectetuer adipiscing elit.",4
46,6/20/2018,Pellentesque viverra pede ac diam.,9
47,6/8/2018,Suspendisse potenti.,10
48,8/17/2018,"Donec diam neque, vestibulum eget, vulputate ut, ultrices vel, augue. Vestibulum ante ipsum primis in faucibus orci luctus et ultrices posuere cubilia Curae; Donec pharetra, magna vestibulum aliquet ultrices, erat tortor sollicitudin mi, sit amet lobortis sapien sapien non mi.",8
49,11/24/2017,Duis consequat dui nec nisi volutpat eleifend.,19
50,7/20/2018,"Cras mi pede, malesuada in, imperdiet et, commodo vulputate, justo. In blandit ultrices enim.",6
51,9/27/2017,Maecenas pulvinar lobortis est.,14
52,7/16/2018,Vivamus vestibulum sagittis sapien.,0
53,1/10/2018,Duis bibendum. Morbi non quam nec dui luctus rutrum.,14
54,7/21/2018,"Cras mi pede, malesuada in, imperdiet et, commodo vulputate, justo. In blandit ultrices enim.",13
55,3/17/2018,"Vestibulum ac est lacinia nisi venenatis tristique. Fusce congue, diam id ornare imperdiet, sapien urna pretium nisl, ut volutpat sapien arcu sed augue.",14
56,1/14/2018,Nulla nisl. Nunc nisl.,0
57,7/29/2018,"Integer pede justo, lacinia eget, tincidunt eget, tempus vel, pede.",1
58,11/23/2017,Donec posuere metus vitae ipsum.,9
59,3/1/2018,"Nulla neque libero, convallis eget, eleifend luctus, ultricies eu, nibh.",10
60,1/10/2018,Maecenas tincidunt lacus at velit.,16
61,3/29/2018,Morbi quis tortor id nulla ultrices aliquet.,9
62,10/8/2017,Ut tellus. Nulla ut erat id mauris vulputate elementum.,6
63,8/19/2018,Vestibulum ante ipsum primis in faucibus orci luctus et ultrices posuere cubilia Curae; Duis faucibus accumsan odio. Curabitur convallis.,13
64,1/29/2018,Fusce consequat. Nulla nisl.,7
65,4/10/2018,Nulla tellus.,4
66,1/13/2018,Suspendisse potenti. Cras in purus eu magna vulputate luctus.,16
67,5/29/2018,Fusce consequat. Nulla nisl.,6
68,11/5/2017,Etiam faucibus cursus urna.,2
69,12/30/2017,Pellentesque eget nunc.,14
70,9/22/2017,Nullam porttitor lacus at turpis. Donec posuere metus vitae ipsum.,4
71,10/15/2017,Integer a nibh.,7
72,8/8/2018,Suspendisse accumsan tortor quis turpis. Sed ante.,2
73,3/13/2018,Nunc rhoncus dui vel sem. Sed sagittis.,20
74,6/18/2018,"Vestibulum quam sapien, varius ut, blandit non, interdum in, ante. Vestibulum ante ipsum primis in faucibus orci luctus et ultrices posuere cubilia Curae; Duis faucibus accumsan odio.",4
75,7/29/2018,Maecenas tincidunt lacus at velit.,13
76,11/26/2017,"Morbi vestibulum, velit id pretium iaculis, diam erat fermentum justo, nec condimentum neque sapien placerat ante.",17
77,6/2/2018,In hac habitasse platea dictumst.,12
78,1/13/2018,Aenean lectus. Pellentesque eget nunc.,4
79,11/24/2017,"Proin leo odio, porttitor id, consequat in, consequat ut, nulla.",19
80,6/12/2018,Vestibulum ac est lacinia nisi venenatis tristique.,9
81,12/8/2017,"Lorem ipsum dolor sit amet, consectetuer adipiscing elit.",18
82,6/12/2018,Nulla justo. Aliquam quis turpis eget elit sodales scelerisque.,1
83,7/5/2018,Aenean lectus.,6
84,6/21/2018,In sagittis dui vel nisl. Duis ac nibh.,16
85,8/11/2018,Aliquam non mauris.,5
86,8/15/2018,Donec semper sapien a libero.,15
87,3/15/2018,"Nulla ac enim. In tempor, turpis nec euismod scelerisque, quam turpis adipiscing lorem, vitae mattis nibh ligula nec sem.",18
88,11/3/2017,Duis bibendum.,16
89,8/24/2018,"Cum sociis natoque penatibus et magnis dis parturient montes, nascetur ridiculus mus. Etiam vel augue.",19
90,7/12/2018,Aenean sit amet justo.,19
91,6/2/2018,Nulla ac enim.,6
92,11/27/2017,"Quisque erat eros, viverra eget, congue eget, semper rutrum, nulla. Nunc purus.",0
93,3/1/2018,"Fusce lacus purus, aliquet at, feugiat non, pretium quis, lectus.",0
94,11/19/2017,Donec quis orci eget orci vehicula condimentum. Curabitur in libero ut massa volutpat convallis.,2
95,3/8/2018,"Maecenas tristique, est et tempus semper, est quam pharetra magna, ac consequat metus sapien ut nunc. Vestibulum ante ipsum primis in faucibus orci luctus et ultrices posuere cubilia Curae; Mauris viverra diam vitae quam.",7
96,2/2/2018,Sed vel enim sit amet nunc viverra dapibus. Nulla suscipit ligula in lacus.,19
97,12/9/2017,Nam nulla.,10
98,2/5/2018,Pellentesque ultrices mattis odio. Donec vitae nisi.,4
99,3/22/2018,"Nunc nisl. Duis bibendum, felis sed interdum venenatis, turpis enim blandit mi, in porttitor pede justo eu massa.",20
100,5/12/2018,Duis bibendum. Morbi non quam nec dui luctus rutrum.,6
